{"(' ', ' ', ' ', ' ', ' ', ' ', ' ', ' ', ' ')": [0, 0, 0, 0, 0, 0, 0, 0, 0], "(' ', ' ', ' ', ' ', 'O', ' ', ' ', ' ', 'X')": [0, 0, 0, 0, 0, 0, 0, 0, 0], "(' ', 'X', 'O', ' ', 'O', ' ', ' ', ' ', 'X')": [-0.1, 0, 0, -0.1, 0, -0.1, 0.0, 0, 0], "(' ', ' ', ' ', 'X', 'O', ' ', ' ', ' ', ' ')": [0, 0, 0, 0, 0, 0, 0, 0, 0], "(' ', ' ', 'X', 'X', 'O', ' ', 'O', ' ', ' ')": [0.0, 0, 0, 0, 0, 0.0, 0, 0, 0], "('O', 'X', 'X', 'X', 'O', ' ', 'O', ' ', ' ')": [0, 0, 0, 0, 0, -0.1, 0, -0.1, 0.0], "('O', 'X', 'X', 'X', 'O', 'O', 'O', ' ', 'X')": [0, 0, 0, 0, 0, 0, 0, 0.0, 0], "(' ', ' ', ' ', ' ', 'O', ' ', 'O', 'X', 'X')": [-0.26287, -0.18730000000000002, 0.0, 0.0, 0, 0, 0, 0, 0], "(' ', 'X', ' ', ' ', 'O', ' ', ' ', ' ', ' ')": [0, 0, 0, 0, 0, 0, 0, 0, 0], "('O', 'X', 'X', ' ', 'O', ' ', ' ', ' ', ' ')": [0, 0, 0, -0.18214057, 0, -0.097, -0.19, -0.19, 0.0], "(' ', ' ', 'X', ' ', 'O', ' ', ' ', ' ', ' ')": [0, 0, 0, 0, 0, 0, 0, 0, 0], "('O', ' ', 'X', ' ', 'O', ' ', 'X', ' ', ' ')": [0, -0.1, 0, -0.18730000000000002, 0, -0.1, 0, -0.097, 0.0], "(' ', 'X', 'O', ' ', 'O', ' ', ' ', 'X', ' ')": [-0.1, 0, 0, -0.1, 0, -0.1, 0.0, 0, 0], "(' ', 'X', 'O', ' ', 'O', ' ', 'X', 'X', 'O')": [-0.1, 0, 0, -0.1, 0, 0, 0, 0, 0], "('O', 'X', ' ', 'X', 'O', ' ', ' ', ' ', ' ')": [0, 0, -0.1, 0, 0, -0.1, -0.1, -0.1, 0.0], "(' ', ' ', 'X', ' ', 'O', 'O', ' ', ' ', 'X')": [-0.1, -0.19, 0, 0.0, 0, 0, 0, -0.18730000000000002, 0], "('X', ' ', ' ', ' ', 'O', ' ', ' ', ' ', ' ')": [0, 0, 0, 0, 0, 0, 0, 0, 0], "('X', ' ', ' ', ' ', 'O', 'X', 'O', ' ', ' ')": [0, -0.49044161365753874, 0.0, -0.764318233149023, 0, 0, 0, -0.5951662571983523, -0.8167550766916937], "(' ', ' ', ' ', ' ', 'O', 'X', ' ', ' ', ' ')": [0, 0, 0, 0, 0, 0, 0, 0, 0], "(' ', ' ', 'X', ' ', 'O', 'X', ' ', ' ', 'O')": [0.0, -0.1, 0, -0.1, 0, 0, 0.0, -0.271, 0], "('X', 'O', 'X', ' ', 'O', 'X', ' ', ' ', 'O')": [0, 0, 0, -0.26392651300000003, 0, 0, -0.32742776170000004, 0.0, 0], "(' ', ' ', ' ', 'X', 'O', ' ', 'O', ' ', 'X')": [-0.1, -0.1, 0.0, 0, 0, 0.0, 0, 0, 0], "(' ', ' ', ' ', ' ', 'O', ' ', ' ', 'X', ' ')": [0, 0, 0, 0, 0, 0, 0, 0, 0], "(' ', ' ', 'O', ' ', 'O', 'X', ' ', 'X', ' ')": [-0.1, -0.19, 0, -0.097, 0, 0, 0.0, 0, 0.0], "('X', 'X', 'O', ' ', 'O', ' ', ' ', ' ', ' ')": [0, 0, 0, -0.8358549975834384, 0, -0.7249446665954313, 0.0, -0.7409846899162176, -0.7731284397728979], "('X', ' ', ' ', ' ', 'O', ' ', 'O', ' ', 'X')": [0, -0.7284332567244638, 0.0, -0.7041941202936044, 0, -0.7258901143077802, 0, -0.8312066207716512, 0], "('X', ' ', ' ', 'O', 'O', ' ', 'X', ' ', ' ')": [0, -0.829042091691204, -0.7364139551071653, 0, 0, 0.0, 0, -0.7846355319598975, -0.7171365332104993], "(' ', ' ', ' ', ' ', 'O', ' ', 'X', ' ', ' ')": [0, 0, 0, 0, 0, 0, 0, 0, 0], "('O', ' ', ' ', 'X', 'O', ' ', 'X', ' ', ' ')": [0, -0.1, -0.1843, 0, 0, -0.09409000000000001, 0, -0.09126730000000001, 0.0], "('X', ' ', 'O', ' ', 'O', 'X', ' ', ' ', ' ')": [0, -0.564108362163527, 0, -0.6828246335906023, 0, 0, 0.0, -0.6150576059457386, -0.7126624615360015], "('X', ' ', 'O', 'O', 'O', 'X', 'X', ' ', ' ')": [0, 0.0, 0, 0, 0, 0, 0, 0.0, 0.0], "('X', ' ', 'O', 'O', 'O', 'X', 'X', 'O', 'X')": [0, 0.0, 0, 0, 0, 0, 0, 0, 0], "(' ', ' ', 'O', ' ', 'X', ' ', ' ', ' ', ' ')": [0, 0, 0, 0, 0, 0, 0, 0, 0], "('O', ' ', 'O', ' ', 'X', ' ', ' ', ' ', 'X')": [0, 0.0, 0, 0, 0, 0, 0, 0.0, 0], "('O', 'X', 'O', ' ', 'X', ' ', ' ', 'O', 'X')": [0, 0, 0, 0.0, 0, 0.0, 0, 0, 0], "('O', 'X', 'O', 'X', 'X', 'O', ' ', 'O', 'X')": [0, 0, 0, 0, 0, 0, 0.0, 0, 0], "(' ', ' ', ' ', ' ', 'X', ' ', ' ', ' ', 'O')": [0, 0, 0, 0, 0, 0, 0, 0, 0], "(' ', 'X', ' ', ' ', 'X', ' ', ' ', 'O', 'O')": [-0.1, 0, -0.1, -0.1, 0, 0, 0, 0, 0], "('X', ' ', ' ', ' ', 'O', ' ', 'O', 'X', ' ')": [0, -0.692376102589887, 0.0, -0.6975958520842095, 0, -0.6430044830253384, 0, 0, -0.7872737603143842], "('X', 'O', 'X', ' ', 'O', ' ', 'O', 'X', ' ')": [0, 0, 0, 0.0, 0, 0.0, 0, 0, 0.0], "('X', 'O', 'X', 'X', 'O', ' ', 'O', 'X', 'O')": [0, 0, 0, 0, 0, 0.0, 0, 0, 0], "(' ', ' ', ' ', ' ', 'O', ' ', 'X', 'O', 'X')": [-0.1843, 0.0, -0.1, 0, 0, -0.1843, 0, 0, 0], "(' ', ' ', ' ', ' ', 'X', ' ', 'O', ' ', ' ')": [0, 0, 0, 0, 0, 0, 0, 0, 0], "(' ', ' ', ' ', 'X', 'X', 'O', 'O', ' ', ' ')": [0.0, 0, 0.0, 0, 0, 0, 0, 0, 0], "(' ', 'X', ' ', 'X', 'X', 'O', 'O', 'O', ' ')": [-0.1, 0, 0, 0, 0, 0, 0, 0, 0], "('X', 'X', 'O', 'O', 'O', ' ', 'X', ' ', ' ')": [0, 0, 0, 0, 0, 0.0, 0, -0.6311062834072952, -0.8337780164796526], "('O', ' ', ' ', 'X', 'O', ' ', 'X', 'O', 'X')": [0, 0.0, -0.08852928100000002, 0, 0, -0.1843, 0, 0, 0], "('O', 'X', 'O', 'X', 'O', ' ', 'X', 'O', 'X')": [0, 0, 0, 0, 0, 0.0, 0, 0, 0], "('X', 'O', 'X', ' ', 'O', ' ', ' ', ' ', ' ')": [0, 0, 0, -0.7102634654265074, 0, -0.7282098257136667, -0.780843475616763, 0.0, -0.7563409821658899], "('X', ' ', ' ', 'X', 'O', ' ', 'O', ' ', ' ')": [0, -0.7218009705714225, 0.0, 0, 0, -0.7710450974873895, 0, -0.870852333793649, -0.9008740250011129], "('X', 'O', 'X', 'X', 'O', ' ', 'O', ' ', ' ')": [0, 0, 0, 0, 0, -0.6804836842442382, 0, 0.0, -0.7839614419713978], "(' ', ' ', ' ', ' ', 'O', 'X', 'X', ' ', 'O')": [0.0, 0, -0.1, 0, 0, 0, 0, -0.19, 0], "('X', 'O', 'X', ' ', 'O', ' ', ' ', 'X', 'O')": [0, 0, 0, 0.0, 0, 0.0, 0.0, 0, 0], "('O', ' ', ' ', 'X', 'O', ' ', ' ', 'X', ' ')": [0, -0.1, -0.097, 0, 0, -0.1, -0.1, 0, 0.0], "('X', ' ', 'O', ' ', 'O', ' ', ' ', ' ', 'X')": [0, -0.7386783093892832, 0, -0.6290732899510618, 0, -0.8389053597722572, 0.0, -0.8104042767028938, 0], "('X', 'O', 'X', ' ', 'O', ' ', 'O', ' ', 'X')": [0, 0, 0, -0.826226244243225, 0, 0.8091331963201299, 0, 0.0, 0], "('O', ' ', 'X', 'X', 'O', ' ', ' ', ' ', ' ')": [0, -0.19, 0, 0, 0, -0.1, -0.1, -0.1, 0.0], "('X', 'O', 'X', ' ', 'O', 'X', 'O', 'X', 'O')": [0, 0, 0, 0.0, 0, 0, 0, 0, 0], "('X', ' ', ' ', ' ', 'O', 'X', ' ', ' ', 'O')": [0, 0.0, 0.0, 0.0, 0, 0, 0.0, 0.0, 0], "('X', 'X', 'O', ' ', 'O', 'X', ' ', ' ', 'O')": [0, 0, 0, -0.6524113108506305, 0, 0, 0.0, -0.8014692778523622, 0], "(' ', ' ', 'X', ' ', 'O', ' ', 'X', ' ', 'O')": [0.0, -0.1, 0, -0.1, 0, 0.0, 0, 0.0, 0], "('X', 'O', 'X', ' ', 'O', ' ', 'X', ' ', 'O')": [0, 0, 0, 0.6410217472227853, 0, -0.1, 0, 0, 0], "('X', ' ', ' ', 'X', 'O', 'X', 'O', ' ', 'O')": [0, -0.43883820844765936, -0.4286730621942296, 0, 0, 0, 0, -0.3970420855300001, 0], "('X', ' ', ' ', ' ', 'O', ' ', ' ', 'X', 'O')": [0, 0.0, 0.0, 0.0, 0, 0.0, 0.0, 0, 0], "('X', 'X', 'O', ' ', 'O', ' ', ' ', 'X', 'O')": [0, 0, 0, -0.8441007506156912, 0, -0.7980935260128592, -0.8357165305956376, 0, 0], "(' ', ' ', ' ', ' ', 'O', ' ', 'X', 'X', 'O')": [0.0, -0.19, -0.1, 0.0, 0, -0.1, 0, 0, 0], "('X', ' ', ' ', 'O', 'O', ' ', 'X', 'X', 'O')": [0, -0.181681, -0.2549839, 0, 0, 0.0, 0, 0, 0], "('X', ' ', ' ', 'O', 'O', 'X', 'X', ' ', 'O')": [0, 0.0, 0.0, 0, 0, 0, 0, 0.0, 0], "('X', 'X', 'O', 'O', 'O', 'X', 'X', ' ', 'O')": [0, 0, 0, 0, 0, 0, 0, 0.0, 0], "(' ', ' ', 'X', ' ', 'O', 'O', 'O', 'X', 'X')": [-0.09126730000000001, -0.34390000000000004, 0, 0.0, 0, 0, 0, 0, 0], "(' ', 'X', ' ', ' ', 'O', ' ', ' ', 'X', 'O')": [0.0, 0, 0, 0.0, 0, -0.1, 0, 0, 0], "(' ', ' ', 'O', ' ', 'O', 'X', ' ', ' ', 'X')": [-0.1, -0.097, 0, -0.1, 0, 0, 0.0, -0.1, 0], "(' ', ' ', 'O', ' ', 'X', ' ', 'X', ' ', 'O')": [-0.1, -0.1, 0, -0.1, 0, 0.0, 0, 0, 0], "('O', ' ', ' ', ' ', 'X', ' ', ' ', ' ', ' ')": [0, 0, 0, 0, 0, 0, 0, 0, 0], "('O', 'X', ' ', ' ', 'X', ' ', ' ', 'O', ' ')": [0, 0, 0.0, 0.0, 0, 0.0, 0.0, 0, 0.0], "('O', 'X', 'X', ' ', 'X', ' ', 'O', 'O', ' ')": [0, 0, 0, -0.7986585831086255, 0, -0.833137221530276, 0, 0, -0.8461594616571154], "('X', ' ', 'O', ' ', 'O', ' ', ' ', 'X', ' ')": [0, -0.5287510582010734, 0, -0.7114342539287337, 0, -0.7905225078844778, 0.0, 0, -0.6785330126352694], "('X', ' ', 'O', 'O', 'O', 'X', 'X', 'X', 'O')": [0, 0.0, 0, 0, 0, 0, 0, 0, 0], "(' ', ' ', ' ', 'X', 'X', 'O', ' ', ' ', 'O')": [-0.1, -0.1, 0.0, 0, 0, 0, 0.0, 0, 0], "('O', ' ', ' ', 'O', 'X', 'X', ' ', ' ', ' ')": [0, -0.1, -0.1, 0, 0, 0, 0.0, 0.0, -0.1],